r1_s1,r2_s1,r3_s1,r4_s1,r5_s1,r6_s1,r7_s1,r8_s1,r9_s1,r10_s1,r11_s1,r12_s1,r13_s1,r14_s1,r15_s1,r16_s1,r17_s1,r18_s1,r19_s1,r20_s1,r21_s1,r22_s1,r23_s1,r24_s1,r25_s1,r26_s1,r27_s1,r28_s1,r29_s1,r30_s1,r31_s1,r32_s1,r33_s1,r34_s1,r35_s1,c1_s1,c2_s1,c3_s1,c4_s1,o1_s1,outside_s1,r1_s2,r2_s2,r3_s2,r4_s2,r5_s2,r6_s2,r7_s2,r8_s2,r9_s2,r10_s2,r11_s2,r12_s2,r13_s2,r14_s2,r15_s2,r16_s2,r17_s2,r18_s2,r19_s2,r20_s2,r21_s2,r22_s2,r23_s2,r24_s2,r25_s2,r26_s2,r27_s2,r28_s2,r29_s2,r30_s2,r31_s2,r32_s2,r33_s2,r34_s2,r35_s2,c1_s2,c2_s2,c3_s2,c4_s2,o1_s2,outside_s2,r1_s3,r2_s3,r3_s3,r4_s3,r5_s3,r6_s3,r7_s3,r8_s3,r9_s3,r10_s3,r11_s3,r12_s3,r13_s3,r14_s3,r15_s3,r16_s3,r17_s3,r18_s3,r19_s3,r20_s3,r21_s3,r22_s3,r23_s3,r24_s3,r25_s3,r26_s3,r27_s3,r28_s3,r29_s3,r30_s3,r31_s3,r32_s3,r33_s3,r34_s3,r35_s3,c1_s3,c2_s3,c3_s3,c4_s3,o1_s3,outside_s3
0.875,0,0.09090909090909091,0,0,0,0.0,0,0,0.0,0.0,0.0,0,0,0.0,0.0,0.0,0.0,0.0,0,0,0.0,0,0,0.0,0.0,0.0,0,0,0,0.0,0.0,0.0,0,0.0,0.0,0.0,0.0,0.0,0.0,0.0,0.9255836575875487,0.1880597014925373,0.03616133518776078,0.0,0.0,0.0,0.0026232948583420775,0.0,0.0,0.0,0.0,0.0,0.0,0.0,0.0,0.0,0.0,0.0,0.0,0.0,0.0,0.0,0.0,0.0,0.0,0.0,0.0,0.0,0.0,0.0,0.0,0.0,0.0,0.0,0.0,0.0,0.0,0.0,0.0,0.0,0,0.33333333333333337,1.0,0.3333333333333333,0.0,0.0,0,0.0,0,0,0,0.0,0.0,0,0,0,0.0,0,0,0.0,0,0,0.0,0,0,0.0,0.0,0.0,0,0,0,0.0,0.0,0.0,0,0,0.0,0.0,0.0,0.0,0.0,0.0
0.0,1,0.0,0,0,0,0.0,0,0,0.0,0.0,0.0,0,0,0.0,0.0,0.0,0.0,0.0,0,0,0.0,0,0,0.0,0.0,0.0,0,0,0,0.0,0.0,0.0,0,0.0,0.0,0.0,0.0,0.0,0.0,0.0,0.026264591439688716,0.6417910447761195,0.0,0.08354430379746836,0.0,0.0,0.0,0.0,0.0,0.0,0.0,0.0,0.0,0.0,0.0,0.0,0.0,0.0,0.0,0.0,0.0,0.0,0.0,0.0,0.0,0.0,0.0,0.0,0.0,0.0,0.0,0.0,0.0,0.0,0.0,0.0,0.0,0.0,0.0,0.0,0,0.3333333333333333,0.0,0.0,0.5,0.0,0,0.0,0,0,0,0.0,0.0,0,0,0,0.0,0,0,0.0,0,0,0.0,0,0,0.0,0.0,0.0,0,0,0,0.0,0.0,0.0,0,0,0.0,0.0,0.0,0.0,0.0,0.0
0.0,0,0.8181818181818181,0,0,0,1.0,0,0,0.0,0.0,0.0,0,0,0.0,0.0,0.0,0.0,0.0,0,0,0.0,0,0,0.0,0.0,0.0,0,0,0,0.0,0.0,0.0,0,0.0,0.0,0.0,0.0,0.0,0.0,0.0,0.033073929961089495,0.005970149253731343,0.9156235512285582,0.0,0.0,0.0,0.02439664218258132,0.0,0.0,0.0,0.0,0.0,0.0,0.0,0.0,0.0,0.0,0.0,0.0,0.0,0.0,0.0,0.0,0.0,0.000946969696969697,0.0,0.0,0.0,0.0,0.0,0.0,0.0,0.0,0.0,0.0,0.003102086858432036,0.0,0.0,0.0,0.0,0,0.3333333333333333,0.0,0.33333333333333337,0.0,0.0,0,0.2,0,0,0,0.0,0.0,0,0,0,0.0,0,0,0.0,0,0,0.0,0,0,0.0,0.0,0.0,0,0,0,0.0,0.0,0.0,0,0,0.0,0.0,0.0,0.0,0.0,0.0
0.0,0,0.0,1,0,0,0.0,0,0,0.0,0.0,0.0,0,0,0.0,0.0,0.0,0.0,0.0,0,0,0.0,0,0,0.0,0.0,0.0,0,0,0,0.0,0.0,0.0,0,0.0,0.0,0.0,0.0,0.0,0.0,0.0,0.007295719844357977,0.16119402985074627,0.0,0.8215189873417721,0.0,0.0,0.0,0.36419753086419754,0.0,0.0,0.0,0.0,0.0012239902080783353,0.0,0.0,0.0,0.0,0.0,0.0,0.0,0.0,0.0,0.0,0.0,0.0,0.0,0.0,0.0,0.0,0.0,0.0,0.0,0.0,0.0,0.0,0.0,0.0,0.0,0.0,0.0,0,0.0,0.0,0.0,0.5,0.0,0,0.0,0,0,0,0.0,0.0,0,0,0,0.0,0,0,0.0,0,0,0.0,0,0,0.0,0.0,0.0,0,0,0,0.0,0.0,0.0,0,0,0.0,0.0,0.0,0.0,0.0,0.0
0.0,0,0.0,0,1,0,0.0,0,0,0.0,0.0,0.0,0,0,0.0,0.0,0.0,0.0,0.0,0,0,0.0,0,0,0.0,0.0,0.0,0,0,0,0.0,0.0,0.0,0,0.0,0.0,0.0,0.0,0.0,0.0,0.0,0.0,0.0,0.0,0.0,0.6028169014084507,0.010362694300518135,0.0,0.037037037037037035,0.07420924574209246,0.0,0.0011596443757247777,0.0,0.008567931456548347,0.0,0.0,0.0005543237250554324,0.0012300123001230013,0.0,0.0,0.0,0.0,0.0,0.0,0.0,0.0,0.0,0.0,0.0,0.0,0.0,0.0,0.0,0.0,0.0,0.0,0.0,0.0,0.04360679970436068,0.0,0.0013783597518952446,0,0.0,0.0,0.0,0.0,0.0,0,0.0,0,0,0,0.0,0.0,0,0,0,0.0,0,0,0.0,0,0,0.0,0,0,0.0,0.0,0.0,0,0,0,0.0,0.0,0.0,0,0,0.0,0.0,0.0,0.0,0.0,0.0
0.0,0,0.0,0,0,1,0.0,0,0,0.0,0.0,0.0,0,0,0.0,0.0,0.0,0.0,0.0,0,0,0.0,0,0,0.0,0.0,0.0,0,0,0,0.0,0.0,0.0,0,0.0,0.0,0.0,0.0,0.0,0.0,0.0,0.0,0.0,0.0,0.0,0.01971830985915493,0.9585492227979274,0.0,0.0,0.0,0.0,0.0,0.0,0.0,0.0,0.0,0.0,0.0,0.0,0.0,0.0021645021645021645,0.0,0.0,0.0,0.0,0.0,0.0,0.0,0.0,0.0,0.0,0.0,0.0,0.0,0.0,0.0,0.0,0.0,0.0,0.0,0.0,0,0.0,0.0,0.0,0.0,0.0,0,0.0,0,0,0,0.0,0.0,0,0,0,0.0,0,0,0.0,0,0,0.0,0,0,0.0,0.0,0.0,0,0,0,0.0,0.0,0.0,0,0,0.0,0.0,0.0,0.0,0.0,0.0
0.0,0,0.0,0,0,0,0.0,0,0,0.0,0.0,0.0,0,0,0.0,0.0,0.0,0.0,0.0,0,0,0.0,0,0,0.0,0.0,0.0,0,0,0,0.0,0.0,0.0,0,0.0,0.023809523809523808,0.0,0.0,0.0,0.0,0.0,0.007295719844357977,0.0,0.0440426518312471,0.0,0.0,0.0,0.9435991605456453,0.0,0.0,0.0,0.0,0.0,0.0,0.0,0.0,0.0,0.0,0.0,0.0,0.0,0.0,0.0,0.0,0.0,0.002840909090909091,0.003125,0.0,0.0,0.0,0.0,0.0,0.0,0.0,0.0,0.0,0.029328821206993795,0.0011013215859030838,0.0,0.0,0.0,0,0.0,0.0,0.3333333333333333,0.0,0.0,0,0.5,0,0,0,0.0,0.0,0,0,0,0.0,0,0,0.0,0,0,0.0,0,0,0.0,0.0,0.0,0,0,0,0.0,0.0,0.0,0,0,0.02631578947368421,0.0,0.0,0.0,0.0,0.0
0.0,0,0.0,0,0,0,0.0,1,0,0.0,0.0,0.0,0,0,0.0,0.0,0.0,0.0,0.0,0,0,0.0,0,0,0.0,0.0,0.0,0,0,0,0.0,0.0,0.0,0,0.0,0.0,0.0,0.0,0.0,0.0,0.0,0.0,0.0,0.0,0.06835443037974684,0.0,0.0,0.0,0.26543209876543206,0.06204379562043796,0.0,0.0,0.0,0.0036719706242350062,0.0,0.0,0.0,0.0,0.0,0.0,0.0,0.0,0.0,0.0,0.0,0.0,0.0,0.0,0.0,0.0,0.0,0.0,0.0,0.0,0.0,0.0,0.0,0.0,0.0,0.0,0.0,0,0.0,0.0,0.0,0.0,0.0,0,0.0,0,0,0,0.0,0.0,0,0,0,0.0,0,0,0.0,0,0,0.0,0,0,0.0,0.0,0.0,0,0,0,0.0,0.0,0.0,0,0,0.0,0.0,0.0,0.0,0.0,0.0
0.0,0,0.0,0,0,0,0.0,0,1,0.0,0.0,0.0,0,0,0.0,0.0,0.0,0.0,0.0,0,0,0.0,0,0,0.0,0.0,0.0,0,0,0,0.0,0.0,0.0,0,0.0,0.0,0.0,0.0,0.0,0.0,0.0,0.0,0.0,0.0,0.016455696202531647,0.16901408450704225,0.0,0.0,0.2962962962962963,0.8102189781021898,0.0,0.0,0.0,0.04039167686658507,0.0,0.0,0.0,0.0,0.0,0.0,0.0,0.0,0.0,0.0,0.0,0.0,0.0,0.0,0.0,0.0,0.0,0.0,0.0,0.0,0.0,0.0,0.0,0.0,0.003695491500369549,0.0,0.0,0,0.0,0.0,0.0,0.0,0.0,0,0.0,0,0,0,0.0,0.0,0,0,0,0.0,0,0,0.0,0,0,0.0,0,0,0.0,0.0,0.0,0,0,0,0.0,0.0,0.0,0,0,0.0,0.0,0.0,0.0,0.0,0.0
0.0,0,0.0,0,0,0,0.0,0,0,0.72,0.0,0.0,0,0,0.0,0.125,0.0,0.0,0.25,0,0,0.0,0,0,0.0,0.0,0.0,0,0,0,0.0,0.0,0.0,0,0.0,0.0,0.0,0.10204081632653061,0.0,0.0,0.0,0.0,0.0,0.0,0.0,0.0,0.0,0.0,0.0,0.0,0.985493898227032,0.0,0.0,0.0,0.0,0.0004576659038901602,0.0,0.0,0.0008673026886383347,0.001735106998264893,0.0,0.0,0.0,0.0,0.0,0.0,0.0,0.0,0.0,0.0,0.0,0.0,0.0,0.0,0.0,0.0,0.0,0.0,0.032520325203252036,0.0,0.004824259131633356,0,0.0,0.0,0.0,0.0,0.0,0,0.0,0,0,0,0.0,0.0,0,0,0,0.0,0,0,0.0,0,0,0.0,0,0,0.0,0.0,0.0,0,0,0,0.0,0.0,0.0,0,0,0.0,0.0,0.0,0.0,0.0,0.0
0.0,0,0.0,0,0,0,0.0,0,0,0.0,0.75,0.0,0,0,0.0,0.0,0.3333333333333333,0.0,0.0,0,0,0.0,0,0,0.0,0.0,0.0,0,0,0,0.0,0.0,0.0,0,0.0,0.0,0.0,0.0,0.0,0.0,0.0,0.0,0.0,0.0,0.0,0.005633802816901409,0.0,0.0,0.0,0.0,0.00046051116739580933,0.9833784306146115,0.0,0.0,0.0,0.0004576659038901602,0.0,0.0012300123001230013,0.0008673026886383347,0.0,0.0021645021645021645,0.0,0.0,0.0,0.0,0.0,0.0,0.0,0.0,0.0,0.0,0.0,0.0,0.0,0.0,0.0,0.0,0.0,0.023651145602365115,0.0,0.0013783597518952446,0,0.0,0.0,0.0,0.0,0.0,0,0.0,0,0,0,0.5,0.0,0,0,0,0.0,0,0,0.0,0,0,0.0,0,0,0.0,0.0,0.0,0,0,0,0.0,0.0,0.0,0,0,0.0,0.0,0.0,0.0,0.0,0.0
0.0,0,0.0,0,0,0,0.0,0,0,0.0,0.0,0.42105263157894735,0,0,0.0,0.0,0.0,0.0,0.0,0,0,0.0,0,0,0.0,0.0,0.0,0,0,0,0.0,0.0,0.0,0,0.0,0.0,0.0,0.0,0.0,0.0,0.1875,0.0,0.0,0.0,0.0,0.0,0.0,0.0,0.0,0.0,0.0,0.0,0.9613259668508287,0.0,0.0,0.0,0.0,0.0,0.0,0.0,0.0,0.0,0.020833333333333332,0.0,0.0,0.0,0.0,0.0,0.0,0.0,0.0,0.0,0.0,0.0,0.0,0.0,0.0,0.0,0.0,0.0,0.0,0,0.0,0.0,0.0,0.0,0.0,0,0.0,0,0,0,0.0,0.5806451612903225,0,0,0,0.0,0,0,0.0,0,0,0.1111111111111111,0,0,0.25,0.0,0.0,0,0,0,0.0,0.0,0.0,0,0,0.0,0.0,0.0,0.0,0.0,0.0
0.0,0,0.0,0,0,0,0.0,0,0,0.0,0.0,0.0,1,0,0.0,0.0,0.0,0.0,0.0,0,0,0.0,0,0,0.0,0.0,0.0,0,0,0,0.0,0.0,0.0,0,0.0,0.0,0.0,0.0,0.0,0.0,0.0,0.0,0.0,0.0,0.0012658227848101266,0.011267605633802818,0.0,0.0,0.0,0.0413625304136253,0.0,0.0,0.0,0.8971848225214198,0.0008149959250203749,0.0,0.0,0.0,0.0,0.0,0.0,0.0,0.0,0.004484304932735426,0.3025210084033613,0.0,0.0,0.0,0.0,0.0,0.0,0.0,0.0,0.0,0.0,0.0,0.0,0.0,0.0,0.0,0.0,0,0.0,0.0,0.0,0.0,0.0,0,0.0,0,0,0,0.0,0.0,0,0,0,0.0,0,0,0.0,0,0,0.0,0,0,0.0,0.0,0.0,0,0,0,0.0,0.0,0.0,0,0,0.0,0.0,0.0,0.0,0.0,0.0
0.0,0,0.0,0,0,0,0.0,0,0,0.0,0.0,0.0,0,1,0.0,0.0,0.0,0.0,0.0,0,0,0.0,0,0,0.0,0.0,0.0,0,0,0,0.0,0.0,0.0,0,0.0,0.0,0.0,0.0,0.0,0.0,0.0,0.0,0.0,0.0,0.0,0.0,0.0,0.0,0.0,0.0,0.0,0.0,0.0,0.0,0.9796251018744906,0.0,0.0,0.0,0.0,0.0,0.0,0.0,0.0,0.0,0.17647058823529413,0.0,0.0,0.0,0.0,0.0,0.0,0.0,0.0,0.0,0.0,0.0,0.0,0.0,0.0,0.0,0.0,0,0.0,0.0,0.0,0.0,0.0,0,0.0,0,0,0,0.0,0.0,0,0,0,0.0,0,0,0.0,0,0,0.0,0,0,0.0,0.0,0.0,0,0,0,0.0,0.0,0.0,0,0,0.0,0.0,0.0,0.0,0.0,0.0
0.0,0,0.0,0,0,0,0.0,0,0,0.0,0.0,0.0,0,0,0.75,0.0,0.0,0.0,0.0,0,0,0.0,0,0,0.0,0.0,0.0,0,0,0,0.0,0.0,0.0,0,0.0,0.0,0.0,0.04081632653061224,0.0,0.0,0.0,0.0,0.0,0.0,0.0,0.0,0.0,0.0,0.0,0.0,0.0,0.0,0.0,0.0,0.0,0.9862700228832952,0.0,0.0,0.0,0.0,0.0,0.0026954177897574125,0.0,0.0,0.0,0.0,0.0,0.0,0.0,0.0,0.0,0.0,0.0,0.0,0.0,0.0,0.0,0.0,0.016999260901699925,0.0,0.0027567195037904893,0,0.0,0.0,0.0,0.0,0.0,0,0.0,0,0,0,0.0,0.0,0,0,0,0.0,0,0,0.0,0,0,0.0,0,0,0.0,0.0,0.0,0,0,0,0.0,0.0,0.0,0,0,0.0,0.0,0.0,0.0,0.0,0.0
0.0,0,0.0,0,0,0,0.0,0,0,0.0,0.0,0.0,0,0,0.0,0.625,0.0,0.0,0.0,0,0,0.0,0,0,0.0,0.0,0.0,0,0,0,0.0,0.0,0.0,0,0.0,0.0,0.0,0.0,0.0,0.07692307692307693,0.0,0.0,0.0,0.0,0.0,0.0,0.0,0.0,0.0,0.0,0.00023025558369790466,0.0,0.0,0.0,0.0,0.0,0.9822616407982262,0.0012300123001230013,0.0008673026886383347,0.0,0.0,0.0026954177897574125,0.0,0.0,0.0,0.0,0.0,0.0,0.0,0.0,0.0,0.0,0.0,0.0,0.0,0.0,0.0,0.0,0.019216555801921657,0.0,0.0006891798759476223,0,0.0,0.0,0.0,0.0,0.0,0,0.0,0,0,0,0.0,0.0,0,0,0,0.935483870967742,0,0,0.0,0,0,0.0,0,0,0.0,0.0,0.0,0,0,0,0.0,0.0,0.0,0,0,0.0,0.0,0.0,0.0,0.0,0.0
0.0,0,0.0,0,0,0,0.0,0,0,0.0,0.0,0.0,0,0,0.0,0.0,0.6666666666666667,0.0,0.0,0,0,0.0,0,0,0.0,0.0,0.0,0,0,0,0.0,0.0,0.0,0,0.0,0.0,0.0,0.0,0.0,0.0,0.0,0.0,0.0,0.0,0.0,0.0,0.0,0.0,0.0,0.0,0.0,0.0,0.0,0.0,0.0,0.0,0.0,0.972939729397294,0.0,0.000578368999421631,0.0,0.0,0.0,0.0,0.0,0.0,0.0,0.0,0.0,0.0,0.0,0.0,0.0,0.0,0.0,0.0,0.0,0.0,0.014781966001478197,0.0,0.0,0,0.0,0.0,0.0,0.0,0.0,0,0.0,0,0,0,0.0,0.0,0,0,0,0.0,0,0,0.0,0,0,0.0,0,0,0.0,0.0,0.0,0,0,0,0.0,0.0,0.0,0,0,0.0,0.0,0.0,0.0,0.0,0.0
0.0,0,0.0,0,0,0,0.0,0,0,0.0,0.0,0.0,0,0,0.0,0.0,0.0,0.875,0.0,0,0,0.0,0,0,0.0,0.0,0.0,0,0,0,0.0,0.0,0.0,0,0.0,0.0,0.0,0.0,0.0,0.0,0.0,0.0,0.0,0.0,0.0,0.0,0.0,0.0,0.0,0.0,0.0,0.0,0.0,0.0,0.0,0.0,0.0011086474501108647,0.0012300123001230013,0.9826539462272333,0.0,0.0,0.0,0.0,0.0,0.0,0.0,0.0,0.0,0.0,0.0,0.0,0.0,0.0,0.0,0.0,0.0,0.0,0.0,0.011825572801182557,0.0,0.0,0,0.0,0.0,0.0,0.0,0.0,0,0.0,0,0,0,0.0,0.0,0,0,0,0.0,0,0,0.0,0,0,0.0,0,0,0.0,0.0,0.0,0,0,0,0.0,0.0,0.0,0,0,0.0,0.0,0.0,0.0,0.0,0.0
0.0,0,0.0,0,0,0,0.0,0,0,0.0,0.0,0.0,0,0,0.0,0.0,0.0,0.0,0.5,0,0,0.0,0,0,0.0,0.0,0.0,0,0,0,0.0,0.0,0.0,0,0.0,0.0,0.0,0.0,0.0,0.0,0.0,0.0,0.0,0.0,0.0,0.0,0.0,0.0,0.0,0.0,0.0,0.0,0.0,0.0,0.0,0.0,0.0,0.0,0.0,0.978021978021978,0.0,0.0026954177897574125,0.0,0.0,0.0,0.0,0.0,0.0,0.0,0.0,0.0,0.0,0.0,0.0,0.0,0.0,0.0,0.0,0.025129342202512936,0.0,0.0013783597518952446,0,0.0,0.0,0.0,0.0,0.0,0,0.0,0,0,0,0.0,0.0,0,0,0,0.0,0,0,0.5,0,0,0.0,0,0,0.0,0.0,0.0,0,0,0,0.0,0.0,0.0,0,0,0.0,0.0,0.0,0.0,0.0,0.0
0.0,0,0.0,0,0,0,0.0,0,0,0.0,0.0,0.0,0,0,0.0,0.0,0.0,0.0,0.0,1,0,0.0,0,0,0.0,0.0,0.0,0,0,0,0.0,0.0,0.0,0,0.0,0.0,0.0,0.0,0.0,0.0,0.0,0.0,0.0,0.0,0.0,0.0,0.0,0.0,0.0,0.0,0.0,0.0,0.0,0.0,0.0,0.0,0.0,0.0,0.0,0.0,0.9761904761904762,0.0,0.0,0.0,0.0,0.0,0.0,0.0,0.0,0.0,0.0,0.0,0.0,0.0,0.0,0.0,0.0,0.0,0.005912786400591279,0.0,0.0013783597518952446,0,0.0,0.0,0.0,0.0,0.0,0,0.0,0,0,0,0.0,0.0,0,0,0,0.0,0,0,0.0,0,0,0.0,0,0,0.0,0.0,0.0,0,0,0,0.0,0.0,0.0,0,0,0.0,0.0,0.0,0.0,0.0,0.0
0.0,0,0.0,0,0,0,0.0,0,0,0.0,0.0,0.0,0,0,0.0,0.0,0.0,0.0,0.0,0,1,0.0,0,0,0.0,0.0,0.0,0,0,0,0.0,0.0,0.0,0,0.0,0.0,0.0,0.0,0.0,0.0,0.0,0.0,0.0,0.0,0.0,0.0,0.0,0.0,0.0,0.0,0.0,0.0,0.0,0.0,0.0,0.0,0.0,0.0012300123001230013,0.0,0.0,0.0,0.9595687331536388,0.0,0.0,0.0,0.0,0.0,0.0,0.0,0.0,0.0,0.0,0.0,0.0,0.0,0.0,0.0,0.0,0.008130081300813009,0.0,0.0,0,0.0,0.0,0.0,0.0,0.0,0,0.0,0,0,0,0.0,0.0,0,0,0,0.0,0,0,0.0,0,0,0.0,0,0,0.0,0.0,0.0,0,0,0,0.0,0.0,0.0,0,0,0.0,0.0,0.0,0.0,0.0,0.0
0.0,0,0.0,0,0,0,0.0,0,0,0.0,0.0,0.15789473684210525,0,0,0.0,0.0,0.0,0.0,0.0,0,0,0.5833333333333333,0,0,0.0,0.0,0.0,0,0,0,0.0,0.0,0.0,0,0.0,0.0,0.0,0.0,0.0,0.0,0.21875,0.0,0.0,0.0,0.0,0.0,0.0,0.0,0.0,0.0,0.0,0.0,0.03867403314917127,0.0,0.0,0.0,0.0,0.0,0.0,0.0,0.0,0.0,0.9375,0.0,0.0,0.004734848484848485,0.003125,0.0,0.0,0.0,0.0,0.0,0.0,0.0,0.0,0.0,0.0008460236886632825,0.0,0.0,0.0,0.0,0,0.0,0.0,0.0,0.0,0.0,0,0.0,0,0,0,0.0,0.22580645161290322,0,0,0,0.0,0,0,0.0,0,0,0.4444444444444444,0,0,0.125,0.0,0.0,0,0,0,0.0,0.0,0.0,0,0,0.02631578947368421,0.0,0.0,0.0,0.0,0.0
0.0,0,0.0,0,0,0,0.0,0,0,0.0,0.0,0.0,0,0,0.0,0.0,0.0,0.0,0.0,0,0,0.0,1,0,0.0,0.0,0.0,0,0,0,0.0,0.0,0.0,0,0.0,0.0,0.0,0.0,0.0,0.0,0.0,0.0,0.0,0.0,0.0,0.0,0.0,0.0,0.0,0.0,0.0,0.0,0.0,0.0012239902080783353,0.0,0.0,0.0,0.0,0.0,0.0,0.0,0.0,0.0,0.9641255605381166,0.058823529411764705,0.0,0.0,0.0,0.0,0.0,0.0,0.0,0.0,0.0,0.0,0.0,0.0,0.0,0.0,0.0,0.0,0,0.0,0.0,0.0,0.0,0.0,0,0.0,0,0,0,0.0,0.0,0,0,0,0.0,0,0,0.0,0,0,0.0,0,0,0.0,0.0,0.0,0,0,0,0.0,0.0,0.0,0,0,0.0,0.0,0.0,0.0,0.0,0.0
0.0,0,0.0,0,0,0,0.0,0,0,0.0,0.0,0.0,0,0,0.0,0.0,0.0,0.0,0.0,0,0,0.0,0,1,0.0,0.0,0.0,0,0,0,0.0,0.0,0.0,0,0.0,0.0,0.0,0.0,0.0,0.0,0.0,0.0,0.0,0.0,0.0,0.0,0.0,0.0,0.0,0.0,0.0,0.0,0.0,0.0416156670746634,0.019559902200488997,0.0,0.0,0.0,0.0,0.0,0.0,0.0,0.0,0.03139013452914798,0.46218487394957986,0.0,0.0,0.0,0.0,0.0,0.0,0.0,0.0,0.0,0.0,0.0,0.0,0.0,0.0,0.0,0.0,0,0.0,0.0,0.0,0.0,0.0,0,0.0,0,0,0,0.0,0.0,0,0,0,0.0,0,0,0.0,0,0,0.0,0,0,0.0,0.0,0.0,0,0,0,0.0,0.0,0.0,0,0,0.0,0.0,0.0,0.0,0.0,0.0
0.0,0,0.0,0,0,0,0.0,0,0,0.0,0.0,0.21052631578947367,0,0,0.0,0.0,0.0,0.0,0.0,0,0,0.0,0,0,0.6521739130434783,0.0,0.0,0,0,0,0.0,0.0,0.0,0,0.0,0.0,0.0,0.0,0.0,0.0,0.125,0.0,0.0,0.0,0.0,0.0,0.0,0.0,0.0,0.0,0.0,0.0,0.0,0.0,0.0,0.0,0.0,0.0,0.0,0.0,0.0,0.0,0.027777777777777776,0.0,0.0,0.84375,0.15,0.011695906432748537,0.0,0.0,0.0,0.0,0.0,0.0,0.0,0.0,0.020586576424139875,0.0011013215859030838,0.0,0.0,0.0,0,0.0,0.0,0.0,0.0,0.0,0,0.0,0,0,0,0.0,0.0,0,0,0,0.0,0,0,0.0,0,0,0.1111111111111111,0,0,0.33333333333333337,0.6666666666666666,0.0,0,0,0,0.0,0.0,0.0,0,0,0.21052631578947367,0.05555555555555555,0.0,0.0,0.0,0.0
0.0,0,0.0,0,0,0,0.0,0,0,0.0,0.0,0.0,0,0,0.0,0.0,0.0,0.0,0.0,0,0,0.0,0,0,0.0,0.0,0.0,0,0,0,0.0,0.0,0.0,0,0.0,0.0,0.0,0.0,0.0,0.0,0.0,0.0,0.0,0.0,0.0,0.0,0.0,0.0005246589716684155,0.0,0.0,0.0,0.0,0.0,0.0,0.0,0.0,0.0,0.0,0.0,0.0,0.0,0.0,0.0,0.0,0.0,0.03977272727272727,0.65,0.04775828460038986,0.0,0.0,0.0,0.0,0.0,0.0,0.0,0.0,0.0,0.0,0.0,0.0,0.0,0,0.0,0.0,0.0,0.0,0.0,0,0.1,0,0,0,0.0,0.0,0,0,0,0.0,0,0,0.0,0,0,0.0,0,0,0.0,0.0,0.3333333333333333,0,0,0,0.0,0.0,0.0,0,0,0.0,0.0,0.0,0.0,0.0,0.0
0.0,0,0.0,0,0,0,0.0,0,0,0.0,0.0,0.0,0,0,0.0,0.0,0.0,0.0,0.0,0,0,0.0,0,0,0.0,1.0,0.5714285714285714,0,0,0,0.0,0.0,0.0,0,0.0,0.0,0.0,0.0,0.0,0.0,0.0,0.0,0.0,0.0,0.0,0.0,0.0,0.0,0.0,0.0,0.0,0.0,0.0,0.0,0.0,0.0,0.0,0.0,0.0,0.0,0.0,0.0,0.0,0.0,0.0,0.006628787878787879,0.1375,0.8937621832358674,0.0,0.0,0.0,0.0018714909544603868,0.0995850622406639,0.0012594458438287153,0.0,0.0,0.0,0.0,0.0,0.0,0.0,0,0.0,0.0,0.0,0.0,0.0,0,0.0,0,0,0,0.0,0.0,0,0,0,0.0,0,0,0.0,0,0,0.0,0,0,0.0,0.3333333333333333,0.33333333333333337,0,0,0,0.3333333333333333,0.0,0.0,0,0,0.0,0.0,0.0,0.0,0.0,0.0
0.0,0,0.0,0,0,0,0.0,0,0,0.0,0.0,0.0,0,0,0.0,0.0,0.0,0.0,0.0,0,0,0.0,0,0,0.0,0.0,0.0,1,0,0,0.0,0.0,0.0,0,0.0,0.0,0.0,0.0,0.0,0.0,0.0,0.0,0.0,0.0,0.0,0.0,0.0,0.0,0.0,0.0,0.0,0.0,0.0,0.0,0.0,0.0,0.0,0.0,0.0,0.0,0.0,0.0,0.0,0.0,0.0,0.0,0.0,0.0,0.9375,0.0,0.0,0.0,0.0,0.0,0.0,0.0,0.0,0.0,0.0,0.000491320013101867,0.0,0,0.0,0.0,0.0,0.0,0.0,0,0.0,0,0,0,0.0,0.0,0,0,0,0.0,0,0,0.0,0,0,0.0,0,0,0.0,0.0,0.0,0,0,0,0.0,0.0,0.0,0,0,0.0,0.0,0.0,0.0,0.0,0.0
0.0,0,0.0,0,0,0,0.0,0,0,0.0,0.0,0.0,0,0,0.0,0.0,0.0,0.0,0.0,0,0,0.0,0,0,0.0,0.0,0.0,0,1,0,0.0,0.0,0.0,0,0.0,0.0,0.0,0.0,0.0,0.0,0.0,0.0,0.0,0.0,0.0,0.0,0.0,0.0,0.0,0.0,0.0,0.0,0.0,0.0,0.0,0.0,0.0,0.0,0.0,0.0,0.0,0.0,0.0,0.0,0.0,0.0,0.0,0.0,0.0,0.8536585365853658,0.1,0.0,0.0,0.0,0.0,0.0,0.0,0.0005506607929515419,0.0,0.0011464133639043563,0.0,0,0.0,0.0,0.0,0.0,0.0,0,0.0,0,0,0,0.0,0.0,0,0,0,0.0,0,0,0.0,0,0,0.0,0,0,0.0,0.0,0.0,0,0,0,0.0,0.0,0.0,0,0,0.0,0.0,0.0,0.0,0.0,0.0
0.0,0,0.0,0,0,0,0.0,0,0,0.0,0.0,0.0,0,0,0.0,0.0,0.0,0.0,0.0,0,0,0.0,0,0,0.0,0.0,0.0,0,0,1,0.0,0.0,0.0,0,0.0,0.0,0.0,0.0,0.0,0.0,0.0,0.0,0.0,0.0,0.0,0.0,0.0,0.0,0.0,0.0,0.0,0.0,0.0,0.0,0.0,0.0,0.0,0.0,0.0,0.0,0.0,0.0,0.0,0.0,0.0,0.0,0.0,0.0,0.0,0.012195121951219513,0.9,0.0,0.0,0.0,0.0,0.0,0.0,0.0,0.0,0.00016377333770062233,0.0,0,0.0,0.0,0.0,0.0,0.0,0,0.0,0,0,0,0.0,0.0,0,0,0,0.0,0,0,0.0,0,0,0.0,0,0,0.0,0.0,0.0,0,0,0,0.0,0.0,0.0,0,0,0.0,0.0,0.0,0.0,0.0,0.0
0.0,0,0.0,0,0,0,0.0,0,0,0.0,0.0,0.0,0,0,0.0,0.0,0.0,0.0,0.0,0,0,0.0,0,0,0.0,0.0,0.0,0,0,0,0.8888888888888888,0.2,0.0,0,0.0,0.0,0.0,0.0,0.0,0.0,0.0,0.0,0.0,0.0,0.0,0.0,0.0,0.0,0.0,0.0,0.0,0.0,0.0,0.0,0.0,0.0,0.0,0.0,0.0,0.0,0.0,0.0,0.0,0.0,0.0,0.0,0.0,0.0029239766081871343,0.0,0.0,0.0,0.9794135995009358,0.058091286307053944,0.0,0.0,0.0,0.0,0.0,0.0,0.0,0.0,0,0.0,0.0,0.0,0.0,0.0,0,0.0,0,0,0,0.0,0.0,0,0,0,0.0,0,0,0.0,0,0,0.0,0,0,0.0,0.0,0.0,0,0,0,0.6666666666666667,0.0,0.0,0,0,0.0,0.0,0.0,0.0,0.0,0.0
0.0,0,0.0,0,0,0,0.0,0,0,0.0,0.0,0.0,0,0,0.0,0.0,0.0,0.0,0.0,0,0,0.0,0,0,0.0,0.0,0.42857142857142855,0,0,0,0.0,0.4,0.0,0,0.0,0.0,0.0,0.0,0.0,0.0,0.0,0.0,0.0,0.0,0.0,0.0,0.0,0.0,0.0,0.0,0.0,0.0,0.0,0.0,0.0,0.0,0.0,0.0,0.0,0.0,0.0,0.0,0.0,0.0,0.0,0.0,0.021875,0.03898635477582846,0.0,0.0,0.0,0.017467248908296942,0.7655601659751037,0.022670025188916875,0.0,0.0,0.0,0.0,0.0,0.0,0.0,0,0.0,0.0,0.0,0.0,0.0,0,0.0,0,0,0,0.0,0.0,0,0,0,0.0,0,0,0.0,0,0,0.0,0,0,0.0,0.0,0.3333333333333333,0,0,0,0.0,0.5,0.5,0,0,0.0,0.0,0.0,0.0,0.0,0.0
0.0,0,0.0,0,0,0,0.0,0,0,0.0,0.0,0.0,0,0,0.0,0.0,0.0,0.0,0.0,0,0,0.0,0,0,0.0,0.0,0.0,0,0,0,0.0,0.4,0.8888888888888888,0,0.0,0.0,0.0,0.0,0.0,0.0,0.0,0.0,0.0,0.0,0.0,0.0,0.0,0.0,0.0,0.0,0.0,0.0,0.0,0.0,0.0,0.0,0.0,0.0,0.0,0.0,0.0,0.0,0.0,0.0,0.0,0.0,0.0,0.003898635477582846,0.0,0.0,0.0,0.0,0.06846473029045644,0.97544080604534,0.0,0.0,0.0,0.0,0.0,0.0,0.0,0,0.0,0.0,0.0,0.0,0.0,0,0.0,0,0,0,0.0,0.0,0,0,0,0.0,0,0,0.0,0,0,0.0,0,0,0.0,0.0,0.0,0,0,0,0.0,0.0,0.5,0,0,0.0,0.0,0.0,0.0,0.0,0.0
0.0,0,0.0,0,0,0,0.0,0,0,0.0,0.0,0.0,0,0,0.0,0.0,0.0,0.0,0.0,0,0,0.0,0,0,0.0,0.0,0.0,0,0,0,0.0,0.0,0.0,1,0.0,0.0,0.0,0.0,0.0,0.0,0.0,0.0,0.0,0.0,0.0,0.0,0.0,0.0,0.0,0.0,0.0,0.0,0.0,0.0,0.0,0.0,0.0,0.0,0.0,0.0,0.0,0.0,0.0,0.0,0.0,0.0,0.0,0.0,0.0,0.0,0.0,0.0,0.0,0.0,0.9767190037899296,0.0,0.0,0.020374449339207047,0.0,0.00016377333770062233,0.0,0,0.0,0.0,0.0,0.0,0.0,0,0.0,0,0,0,0.0,0.0,0,0,0,0.0,0,0,0.0,0,0,0.0,0,0,0.0,0.0,0.0,0,0,0,0.0,0.0,0.0,0,0,0.0,0.0,0.0,0.0,0.0,0.0
0.0,0,0.0,0,0,0,0.0,0,0,0.0,0.0,0.0,0,0,0.0,0.0,0.0,0.0,0.0,0,0,0.0,0,0,0.0,0.0,0.0,0,0,0,0.0,0.0,0.0,0,0.6,0.0,0.018867924528301886,0.0,0.02564102564102564,0.0,0.0,0.0,0.0,0.0,0.0,0.0,0.0,0.0,0.0,0.0,0.0,0.0,0.0,0.0,0.0,0.0,0.0,0.0,0.0,0.0,0.0,0.0,0.0,0.0,0.0,0.0,0.0,0.0,0.0,0.0,0.0,0.0,0.0,0.0,0.0,0.8540305010893247,0.0,0.0,0.0,0.010809040288241074,0.0006891798759476223,0,0.0,0.0,0.0,0.0,0.0,0,0.0,0,0,0,0.0,0.0,0,0,0,0.0,0,0,0.0,0,0,0.0,0,0,0.0,0.0,0.0,0,0,0,0.0,0.0,0.0,0,0,0.0,0.0,0.0,0.0,0.0,0.0
0.0,0,0.0,0,0,0,0.0,0,0,0.0,0.0,0.0,0,0,0.0,0.0,0.0,0.0,0.0,0,0,0.2916666666666667,0,0,0.043478260869565216,0.0,0.0,0,0,0,0.0,0.0,0.0,0,0.0,0.7142857142857143,0.0,0.0,0.0,0.0,0.0,0.0,0.0,0.0037088548910523874,0.0,0.0,0.0,0.026757607555089193,0.0,0.0,0.0,0.0,0.0,0.0,0.0,0.0,0.0,0.0,0.0,0.0,0.0,0.0,0.003472222222222222,0.0,0.0,0.08617424242424243,0.034375,0.0,0.0,0.0,0.0,0.0,0.0,0.0,0.0005414185165132648,0.0,0.9120135363790186,0.053964757709251104,0.0,0.0,0.0,0,0.0,0.0,0.0,0.0,0.0,0,0.0,0,0,0,0.0,0.0,0,0,0,0.0,0,0,0.0,0,0,0.1111111111111111,0,0,0.20833333333333334,0.0,0.0,0,0,0,0.0,0.0,0.0,0,0,0.6578947368421053,0.2777777777777778,0.0,0.0,0.0,0.0
0.0,0,0.0,0,0,0,0.0,0,0,0.0,0.0,0.0,0,0,0.0,0.0,0.0,0.0,0.0,0,0,0.125,0,0,0.30434782608695654,0.0,0.0,0,0,0,0.0,0.0,0.0,0,0.0,0.14285714285714285,0.7169811320754718,0.0,0.05128205128205128,0.0,0.0,0.0,0.0,0.0,0.0,0.0,0.0,0.0,0.0,0.0,0.0,0.0,0.0,0.0,0.0,0.0,0.0,0.0,0.0,0.0,0.0,0.0,0.010416666666666666,0.0,0.0,0.01231060606060606,0.0,0.0,0.0,0.0,0.0,0.0,0.0,0.0,0.021115322144017325,0.002178649237472767,0.029328821206993795,0.8480176211453745,0.0,0.017687520471667214,0.013783597518952447,0,0.0,0.0,0.0,0.0,0.0,0,0.0,0,0,0,0.0,0.0,0,0,0,0.0,0,0,0.0,0,0,0.16666666666666666,0,0,0.08333333333333333,0.0,0.0,0,0,0,0.0,0.0,0.0,0,0,0.07894736842105263,0.5555555555555556,0.0,0.5555555555555556,0.10526315789473684,0.0
0.0,0,0.0,0,0,0,0.0,0,0,0.0,0.0,0.0,0,0,0.0,0.0,0.0,0.0,0.25,0,0,0.0,0,0,0.0,0.0,0.0,0,0,0,0.0,0.0,0.0,0,0.0,0.0,0.018867924528301886,0.8367346938775511,0.1282051282051282,0.07692307692307693,0.0,0.0,0.0,0.0,0.0,0.16338028169014085,0.02849740932642487,0.0,0.0,0.0,0.011743034768593138,0.013915732508697333,0.0,0.0,0.0,0.012814645308924484,0.014412416851441241,0.020910209102091022,0.013876843018213356,0.017929438982070563,0.012987012987012988,0.029649595687331536,0.0,0.0,0.0,0.0,0.0,0.0,0.0,0.0,0.0,0.0,0.0,0.0,0.0,0.0,0.0,0.0022026431718061676,0.704360679970436,0.0008188666885031117,0.07167470709855273,0,0.0,0.0,0.0,0.0,1.0,0,0.0,0,0,0,0.5,0.0,0,0,0,0.06451612903225806,0,0,0.5,0,0,0.0,0,0,0.0,0.0,0.0,0,0,0,0.0,0.0,0.0,0,0,0.0,0.0,0.5,0.0,0.05263157894736842,0.0
0.0,0,0.0,0,0,0,0.0,0,0,0.0,0.0,0.0,0,0,0.0,0.0,0.0,0.0,0.0,0,0,0.0,0,0,0.0,0.0,0.0,0,0,0,0.0,0.0,0.0,0,0.4,0.09523809523809523,0.1320754716981132,0.0,0.641025641025641,0.15384615384615385,0.0,0.0,0.0,0.0,0.0,0.0,0.0,0.0,0.0,0.0,0.0,0.0,0.0,0.0,0.0,0.0,0.0,0.0,0.0,0.0,0.0,0.0,0.0,0.0,0.0,0.000946969696969697,0.0,0.0,0.0625,0.13414634146341464,0.0,0.0,0.0,0.0,0.0016242555495397943,0.13071895424836602,0.0008460236886632825,0.06497797356828194,0.0,0.9528332787422208,0.06822880771881461,0,0.0,0.0,0.0,0.0,0.0,0,0.0,0,0,0,0.0,0.0,0,0,0,0.0,0,0,0.0,0,0,0.0,0,0,0.0,0.0,0.0,0,0,0,0.0,0.0,0.0,0,0,0.0,0.05555555555555555,0.0,0.4444444444444444,0.15789473684210525,0.0
0.0,0,0.0,0,0,0,0.0,0,0,0.0,0.0,0.0,0,0,0.0,0.0,0.0,0.0,0.0,0,0,0.0,0,0,0.0,0.0,0.0,0,0,0,0.0,0.0,0.0,0,0.0,0.023809523809523808,0.09433962264150944,0.0,0.05128205128205128,0.6923076923076923,0.0,0.0,0.0,0.0,0.0,0.008450704225352112,0.0,0.0,0.0,0.0,0.0,0.0007730962504831851,0.0,0.0,0.0,0.0,0.0005543237250554324,0.0,0.0008673026886383347,0.000578368999421631,0.004329004329004329,0.0026954177897574125,0.0,0.0,0.0,0.0,0.0,0.0,0.0,0.0,0.0,0.0,0.0,0.0,0.0,0.013071895424836602,0.0011280315848843769,0.006607929515418502,0.08130081300813008,0.015230920406157877,0.8318401102687801,0,0.0,0.0,0.0,0.0,0.0,0,0.0,0,0,0,0.0,0.0,0,0,0,0.0,0,0,0.0,0,0,0.0,0,0,0.0,0.0,0.0,0,0,0,0.0,0.0,0.0,0,0,0.0,0.05555555555555555,0.42857142857142855,0.0,0.6842105263157895,0.0
0.0,0,0.0,0,0,0,0.0,0,0,0.0,0.0,0.0,0,0,0.0,0.0,0.0,0.0,0.0,0,0,0.0,0,0,0.0,0.0,0.0,0,0,0,0.0,0.0,0.0,0,0.0,0.0,0.0,0.0,0.0,0.0,0.46875,0.0,0.0,0.0,0.0,0.0,0.0,0.0,0.0,0.0,0.0,0.0,0.0,0.0,0.0,0.0,0.0,0.0,0.0,0.0,0.0,0.0,0.0,0.0,0.0,0.0,0.0,0.0,0.0,0.0,0.0,0.0,0.0,0.0,0.0,0.0,0.0,0.0,0.0,0.0,0.0,1,0.0,0.0,0.0,0.0,0.0,0,0.0,0,0,0,0.0,0.1935483870967742,0,0,0,0.0,0,0,0.0,0,0,0.05555555555555555,0,0,0.0,0.0,0.0,0,0,0,0.0,0.0,0.0,0,0,0.0,0.0,0.0,0.0,0.0,0.9910331384015595
